No,title,author,cost,review,sales_volume
1,이게 되네? 제미나이 완전 미친 활용법 81제,오힘찬 저,"21,600",9.9,"판매지수 49,464"
2,혼자 공부하는 바이브 코딩 with 클로드 코드,조태호 저,"27,000",9.9,"판매지수 34,683"
3,생성형 AI 활용과 실습,서지영 저,"22,500",리뷰 없음,"판매지수 7,710"
4,피지컬 AI 메가 트렌드,"최홍섭, 원미르 저","20,700",9.8,"판매지수 18,609"
5,요즘 바이브 코딩 안티그래비티 완벽 가이드,최지호 저,"25,200",9.9,"판매지수 28,176"
6,IT 세상을 만나는 컴퓨터 개론,조성호 저,"29,000",10.0,"판매지수 12,510"
7,Do it! 점프 투 파이썬,박응용 저,"19,800",9.7,"판매지수 54,051"
8,AI 리터러시,"이선종, 이창우, 강승희 저","19,800",10.0,"판매지수 3,174"
9,요즘 바이브 코딩 클로드 코드 완벽 가이드,최지호 저,"21,600",8.4,"판매지수 30,273"
10,컴퓨터개론,"김대수, 김경동 저","28,000",10.0,"판매지수 6,204"
11,진짜 쓰는 실무 엑셀,전진권 저,"18,900",9.8,"판매지수 83,691"
12,난생처음 컴퓨팅 사고 with 파이썬,김명호 저,"23,000",8.5,"판매지수 8,184"
13,파이썬 for Beginner,우재남 저,"26,000",10.0,"판매지수 9,216"
14,난생처음 인공지능 입문,서지영 저,"27,000",10.0,"판매지수 11,088"
15,파워 유저를 위한 파이썬 EXPRESS,"천인국, 천명준 저","35,000",리뷰 없음,"판매지수 6,918"
16,된다! 하루 만에 끝내는 제미나이 활용법,권서림 저,"18,000",9.8,"판매지수 77,334"
17,"AI 시대의 질문력, 프롬프트 엔지니어링",류한석 저,"24,300",9.5,"판매지수 57,738"
18,AI시대의 컴퓨터 개론,"강환수, 조진형, 신용현, 강환일 저","29,000",8.7,"판매지수 9,576"
19,"누구나 쉽게 AI 작사 & 작곡 with 생성형 인공지능, 챗GPT, 수노, 유디오","현병욱(오땡큐), 신수진 저","18,000",9.7,"판매지수 18,402"
20,쉽게 배우는 운영체제,조성호 저,"33,000",10.0,"판매지수 5,352"
21,난생처음 인공지능 with 스크래치,고광일 저,"25,000",10.0,"판매지수 4,068"
22,두근두근 파이썬,천인국 저,"25,000",6.7,"판매지수 12,000"
23,된다! AI 상위 노출,이중대 저,"17,100",10.0,"판매지수 3,480"
24,만들면서 배우는 생성형 AI 첫걸음,"천인국, 천명준 저","29,000",리뷰 없음,"판매지수 5,226"
25,회사에서 바로 통하는 엑셀 FOR STARTERS,전미진 저,"15,300",9.8,"판매지수 12,300"
26,딥러닝 EXPRESS,천인국 저,"34,000",리뷰 없음,"판매지수 3,684"
27,C언어 Express,천인국 저,"32,000",9.6,"판매지수 19,890"
28,혼자 공부하는 컴퓨터 구조+운영체제,강민철 저,"25,200",9.8,"판매지수 15,342"
29,안티그래비티 바이브 코딩 입문,박규하 저,"22,500",10.0,"판매지수 2,184"
30,"목사님, AI와 동역하시겠습니까?",김시준 저,"19,800",10.0,"판매지수 5,556"
31,맛있는 디자인 포토샵&일러스트레이터 CC 2026,"박정아, 윤이사라 저","23,400",10.0,"판매지수 7,014"
32,AI 에이전트 엔지니어링,마이클 알바다 저/강민혁 역,"28,800",9.6,"판매지수 10,203"
33,3줄의 글로 수익을 만드는 스레드 운영법,이동영 저,"18,000",9.6,"판매지수 12,924"
34,회사에서 바로 통하는 실무 엑셀 파워포인트 워드&한글,"전미진, 이화진, 신면철 저","24,300",9.7,"판매지수 12,981"
35,새내기 파이썬,천인국 저,"30,000",10.0,"판매지수 4,731"
36,C언어로 쉽게 풀어쓴 자료구조,"천인국, 공용해, 하상호 저","29,000",9.5,"판매지수 15,198"
37,캔바 AI,"신승희, 앤미디어 저","21,600",10.0,"판매지수 2,610"
38,5분 제미나이,오종현 저,"21,600",10.0,"판매지수 3,444"
39,AI 자율학습 클로드 코드·코덱스 CLI·제미나이 CLI 완전 활용법,Dave Lee 저,"28,800",9.7,"판매지수 8,034"
40,요즘 당근 AI 개발,당근 팀 저,"19,800",9.9,"판매지수 15,894"
41,된다! 조회수 터지는 유튜브 쇼츠 만들기,최지영 저,"19,800",9.9,"판매지수 36,564"
42,어서와 파이썬은 처음이지!,천인국 저,"33,000",10.0,"판매지수 3,450"
43,파이썬으로 쉽게 배우는 자료구조,"최영규, 천인국 저","29,000",10.0,"판매지수 7,800"
44,혼자 공부하는 파이썬,윤인성 저,"19,800",9.3,"판매지수 25,707"
45,정보 보안 개론,양대일 저,"30,000",9.9,"판매지수 5,250"
46,된다! 피그마 디자인 10분 레시피,"하이서, 김대일, 김시원, 최유빈 저","25,200",10.0,"판매지수 3,996"
47,누구나 아는 나만 모르는 제미나이,이성원 저,"17,100",9.6,"판매지수 16,014"
48,"요즘 교사를 위한 에듀테크 5대장 : 캔바, 패들렛, 북크리에이터, 노션, 챗GPT∙제미나이","안익재, 황의태 저","17,820",10.0,"판매지수 15,486"
49,AI 버블이 온다,"아르빈드 나라야난, 사야시 카푸르 저/강미경 역","22,320",9.9,"판매지수 9,972"
50,쉽게 배우는 소프트웨어 공학,김치수 저,"33,000",리뷰 없음,"판매지수 3,849"
51,유니티 교과서,"김은철, 기타무라 마나미 저/유세라 역","29,700",9.6,"판매지수 5,160"
52,한 걸음 앞선 개발자가 지금 꼭 알아야 할 클로드 코드,"조훈, 정찬훈 저","23,400",8.9,"판매지수 9,642"
53,명품 C++ Programming,황기태 저,"34,000",리뷰 없음,"판매지수 7,542"
54,도덕적인 AI,"월터 시넛 암스트롱, 재나 셰익 보그, 빈센트 코니처 저/박초월 역","19,800",9.8,"판매지수 6,048"
55,으뜸 데이터 분석과 머신러닝,"박동규, 강영민, 김병욱 저","32,000",리뷰 없음,"판매지수 2,448"
56,쉽게 배우는 C 자료구조,"최영규, 천인국 저","29,000",리뷰 없음,"판매지수 3,450"
57,처음 만나는 인공지능,"김대수, 김경동 저","27,000",리뷰 없음,"판매지수 4,572"
58,혼자 공부하는 C 언어,서현우 저,"23,400",9.6,"판매지수 14,553"
59,컴퓨터 비전과 딥러닝,오일석 저,"39,000",9.8,"판매지수 3,498"
60,시간순삭 파이썬,"천인국, 정영민, 최자영 공저","22,500",10.0,"판매지수 7,770"
61,쉽게 배우는 데이터 통신과 컴퓨터 네트워크,박기현 저,"30,000",10.0,"판매지수 5,586"
62,엑셀 2019,김지연 저,"20,000",10.0,"판매지수 5,658"
63,C 언어 콘서트,천인국 저,"27,000",10.0,"판매지수 8,730"
64,알기 쉬운 알고리즘,양성봉 저,"24,500",9.3,"판매지수 2,769"
65,클로드 코드를 활용한 바이브 코딩 완벽 입문,히라카와 토모히데 저/최용 역,"23,400",리뷰 없음,"판매지수 1,902"
66,"오픈클로 with GPT, 제미나이, 클로드",강민혁 저,"19,800",리뷰 없음,"판매지수 1,806"
67,네트워크 · 보안 엔지니어를 위한 챗GPT 활용 기술,박진산 저,"24,300",리뷰 없음,"판매지수 1,386"
68,자율형 AI 에이전트 서비스 구축하기,정금호 저,"24,300",리뷰 없음,판매지수 846
69,AI 워커스: 리디자인,김아람 저,"22,500",10.0,"판매지수 1,263"
70,엔트리로 배우는 게임 만들기 This is Coding 학교편,"김한나, 이지은 저/KIE 기획연구실 감수","12,600",리뷰 없음,"판매지수 1,200"
71,엑셀로 배우는 데이터 분석,박주미 저,"26,000",리뷰 없음,"판매지수 1,698"
72,된다! 하루 만에 끝내는 챗GPT 활용법,프롬프트 크리에이터 저,"18,000",9.4,"판매지수 37,353"
73,Do it! LLM을 활용한 AI 에이전트 개발 입문,이성용 저,"31,500",9.7,"판매지수 19,110"
74,Do it! 오토캐드 2026,박한울 저,"26,550",10.0,"판매지수 5,652"
75,혼자 공부하는 머신러닝+딥러닝,박해선 저,"28,800",9.7,"판매지수 21,327"
76,맛있는 디자인 포토샵 CC 2025,"윤이사라, 김신애 저","22,500",9.8,"판매지수 6,000"
77,와그작 파포 2021 AI+인터넷,놀이교육콘텐츠랩 저,"12,600",리뷰 없음,"판매지수 3,462"
78,Wireshark로 배우는 컴퓨터 네트워크,"김봉한, 이재광 저","39,000",리뷰 없음,"판매지수 2,508"
79,밑바닥부터 시작하는 딥러닝 1,사이토 고키 저/개앞맵시 역,"23,400",9.2,"판매지수 12,582"
80,엑셀과 파워포인트 2021,김지연 저,"24,000",10.0,"판매지수 4,596"
81,파이썬 마스터,"김종훈, 김동건 저","32,000",리뷰 없음,"판매지수 3,252"
82,누구나 쉽게 배우는 인공지능 스타트 with 챗GPT,박동규 저,"29,000",10.0,"판매지수 5,076"
83,혼자 공부하는 네트워크,강민철 저,"25,200",9.8,"판매지수 11,424"
84,MySQL로 배우는 데이터베이스 개론과 실습,"박우창, 남송휘, 이현룡 저","30,000",8.0,"판매지수 3,876"
85,따라하며 배우는 파이썬과 데이터 과학,"천인국, 박동규, 강영민 저","29,000",10.0,"판매지수 5,568"
86,실습과 함께하는 정보보호개론,장상수 저,"19,000",리뷰 없음,"판매지수 1,188"
87,으뜸 컴퓨터 개론,박동규 저,"28,000",10.0,"판매지수 3,306"
88,정보통신 배움터,"정진욱, 안성진, 김현철, 이원혁, 유수현 저","31,000",리뷰 없음,"판매지수 1,530"
89,회사는 엑셀을 가르쳐주지 않아요,쏘피(박성희) 저,"16,200",9.7,"판매지수 21,897"
90,데이터베이스 개론,김연희 저,"29,000",9.1,"판매지수 7,056"
91,디지털 논리회로 실험,"임석구, 홍경호 저","25,000",9.0,"판매지수 1,956"
92,Perfect C,"강환수, 강환일, 이동규 저","30,400",7.5,"판매지수 8,286"
93,난생처음 파이썬 프로그래밍,"우재남, 최민아 저","24,000",9.3,"판매지수 10,545"
94,컴퓨터 활용과 실습 2019,"김경희, 김혜란 저","25,000",8.0,"판매지수 2,586"
95,파이썬 자료구조와 알고리즘 for Beginner,우재남 저,"27,000",9.5,"판매지수 2,940"
96,손에 잡히는 데이터 통신,임석구 저,"29,000",9.3,"판매지수 4,077"
97,오라클로 배우는 데이터베이스 개론과 실습,"박우창, 남송휘, 이현룡 저","29,000",5.0,판매지수 642
98,인공지능 시대를 위한 컴퓨터 과학 개론,정기철 저,"27,000",리뷰 없음,"판매지수 2,700"
99,컴퓨터 네트워크,"정진욱, 안성진, 김현철, 조강홍, 유수현 공저","34,000",6.0,"판매지수 1,047"
100,알기 쉬운 정보보호개론,"히로시 유키 저 / 이재광, 전태일, 조재신 공역","29,000",8.6,"판매지수 3,750"
101,AI의 선택을 부르는 AEO GEO 생존 전략,이재홍 저,"17,100",10.0,"판매지수 1,932"
102,QA를 넘어 개발자도 알아야 할 AI 에이전트 품질 가이드,"정상미, 김성수 저","25,200",리뷰 없음,"판매지수 2,049"
103,교실로 온 ON 제미나이,"박찬, 김병석, 전수연, 김지용, 구현희 저 외 3명 정보 더 보기/감추기","19,800",10.0,"판매지수 1,758"
104,처음이지만 프로처럼 쓰는 캔바 (Canva),정다은(시재) 저,"27,000",리뷰 없음,"판매지수 1,506"
105,"우리, 프로그래머들 We, Programmers",로버트 C. 마틴 저/최희철 역,"27,900",9.9,"판매지수 3,294"
106,한 권으로 끝내는 게임 사업 게임 마케팅,알로하팩토리 저,"31,500",10.0,"판매지수 1,722"
107,"광고, UX/UI, 브랜딩에 바로 쓰는 디자인 심리 108",321web(미쓰이 마사유키) 저/김현미 역,"16,200",10.0,"판매지수 3,564"
108,포토샵+일러스트레이터 CC 2026 무작정 따라하기,"문수민, 민지영, 앤미디어, 전은재 저","23,400",9.9,"판매지수 4,026"
109,명품 자바 에센셜,황기태 저,"31,000",리뷰 없음,"판매지수 2,847"
110,컨텍스트 엔지니어링으로 완성하는 AI 에이전트,박경민 저,"27,000",9.7,판매지수 888
111,이게 되네? 나노바나나 AI 비포&애프터 미친 활용법 71제,쌩초 저,"16,920",10.0,"판매지수 15,702"
112,따라하며 배우는 C 언어,박동규 저,"33,000",10.0,판매지수 756
113,멘토시리즈 일러스트레이터,코리아교육그룹 교육연구소 저,"25,200",10.0,"판매지수 2,670"
114,써니쌤과 함께 처음 시작하는 SNS 디자인 캔바,써니쌤 강성은 저,"17,820",10.0,"판매지수 9,078"
115,AI 엔지니어링,칩 후옌 저/변성윤 역,"36,000",9.9,"판매지수 13,368"
116,AI 캡컷,"민지영, 문수민, 앤미디어 저","23,400",9.9,"판매지수 8,328"
117,CATIA(카티아) 쉽게 따라하기,정경애 저,"28,800",리뷰 없음,"판매지수 2,022"
118,벡터 데이터베이스 설계와 구축,송한림 저,"16,020",9.7,"판매지수 4,362"
119,NEW 우당탕탕 컴퓨터와 친해지기,놀이교육콘텐츠랩 저,"12,600",리뷰 없음,"판매지수 3,312"
120,마법 같은 영상 제작을 위한 스마트폰 촬영 및 편집 with 캡컷,김지희 저,"20,700",9.9,"판매지수 18,540"
